,rps,p95,http_5xx_rate,cpu_sat
rps,1.0,-0.23185918074309106,,0.9456325208398231
p95,-0.23185918074309106,1.0,,-0.14159725777382773
http_5xx_rate,,,,
cpu_sat,0.9456325208398231,-0.14159725777382773,,1.0
