,rps,p95,http_5xx_rate,cpu_sat
rps,1.0,0.2596943462876212,,0.9873112806425304
p95,0.2596943462876212,1.0,,0.2665669635982626
http_5xx_rate,,,,
cpu_sat,0.9873112806425304,0.2665669635982626,,1.0
