,rps,p95,http_5xx_rate,cpu_sat
rps,1.0,-0.9966700491074965,-0.996562628323117,0.846932000783243
p95,-0.9966700491074965,1.0,0.9999757401386403,-0.8713792930086895
http_5xx_rate,-0.996562628323117,0.9999757401386403,1.0,-0.8714785214842035
cpu_sat,0.846932000783243,-0.8713792930086895,-0.8714785214842035,1.0
