,rps,p95,http_5xx_rate,cpu_sat
rps,1.0,-0.7400085892643702,-0.7579972181600718,0.5034750487043814
p95,-0.7400085892643702,1.0,0.8479396925733261,-0.7809188959830325
http_5xx_rate,-0.7579972181600718,0.8479396925733261,1.0,-0.7973113665376519
cpu_sat,0.5034750487043814,-0.7809188959830325,-0.7973113665376519,1.0
